:START_ID,:END_ID,:TYPE
0,1,A
0,2,A
1,3,A
2,3,A
3,4,A
3,5,A
4,6,A
5,6,A
6,7,A
6,8,A
7,9,A
8,9,A
9,10,A
9,11,A
10,12,A
11,12,A
12,13,A
12,14,A
13,15,A
14,15,A
15,16,A
15,17,A
16,18,A
17,18,A
18,19,A
18,20,A
19,21,A
20,21,A
21,22,A
21,23,A
22,24,A
23,24,A
24,25,A
24,26,A
25,27,A
26,27,A
27,28,A
27,29,A
28,30,A
29,30,A
30,31,A
30,32,A
31,33,A
32,33,A
33,34,A
33,35,A
34,36,A
35,36,A
36,37,A
36,38,A
37,39,A
38,39,A
39,40,A
39,41,A
40,42,A
41,42,A
42,43,A
42,44,A
43,45,A
44,45,A
45,46,A
45,47,A
46,48,A
47,48,A
48,49,A
48,50,A
49,51,A
50,51,A
51,52,A
51,53,A
52,54,A
53,54,A
54,55,A
54,56,A
55,57,A
56,57,A
57,58,A
57,59,A
58,60,A
59,60,A
60,61,A
60,62,A
61,63,A
62,63,A
63,64,A
63,65,A
64,66,A
65,66,A
66,67,A
66,68,A
67,69,A
68,69,A
69,70,A
69,71,A
70,72,A
71,72,A
72,73,A
72,74,A
73,75,A
74,75,A
75,76,A
75,77,A
76,78,A
77,78,A
78,79,A
78,80,A
79,81,A
80,81,A
81,82,A
81,83,A
82,84,A
83,84,A
84,85,A
84,86,A
85,87,A
86,87,A
87,88,A
87,89,A
88,90,A
89,90,A
90,91,A
90,92,A
91,93,A
92,93,A
93,94,A
93,95,A
94,96,A
95,96,A
96,97,A
96,98,A
97,99,A
98,99,A
99,100,A
99,101,A
100,102,A
101,102,A
102,103,A
102,104,A
103,105,A
104,105,A
105,106,A
105,107,A
106,108,A
107,108,A
108,109,A
108,110,A
109,111,A
110,111,A
111,112,A
111,113,A
112,114,A
113,114,A
114,115,A
114,116,A
115,117,A
116,117,A
117,118,A
117,119,A
118,120,A
119,120,A
120,121,A
120,122,A
121,123,A
122,123,A
123,124,A
123,125,A
124,126,A
125,126,A
126,127,A
126,128,A
127,129,A
128,129,A
129,130,A
129,131,A
130,132,A
131,132,A
132,133,A
132,134,A
133,135,A
134,135,A
135,136,A
135,137,A
136,138,A
137,138,A
138,139,A
138,140,A
139,141,A
140,141,A
141,142,A
141,143,A
142,144,A
143,144,A
144,145,A
144,146,A
145,147,A
146,147,A
147,148,A
147,149,A
148,150,A
149,150,A
150,151,A
150,152,A
151,153,A
152,153,A
153,154,A
153,155,A
154,156,A
155,156,A
156,157,A
156,158,A
157,159,A
158,159,A
159,160,A
159,161,A
160,162,A
161,162,A
162,163,A
162,164,A
163,165,A
164,165,A
165,166,A
165,167,A
166,168,A
167,168,A
168,169,A
168,170,A
169,171,A
170,171,A
171,172,A
171,173,A
172,174,A
173,174,A
174,175,A
174,176,A
175,177,A
176,177,A
177,178,A
177,179,A
178,180,A
179,180,A
180,181,A
180,182,A
181,183,A
182,183,A
183,184,A
183,185,A
184,186,A
185,186,A
186,187,A
186,188,A
187,189,A
188,189,A
189,190,A
189,191,A
190,192,A
191,192,A
192,193,A
192,194,A
193,195,A
194,195,A
195,196,A
195,197,A
196,198,A
197,198,A
198,199,A
198,200,A
199,201,A
200,201,A
201,202,A
201,203,A
202,204,A
203,204,A
204,205,A
204,206,A
205,207,A
206,207,A
207,208,A
207,209,A
208,210,A
209,210,A
210,211,A
210,212,A
211,213,A
212,213,A
213,214,A
213,215,A
214,216,A
215,216,A
216,217,A
216,218,A
217,219,A
218,219,A
219,220,A
219,221,A
220,222,A
221,222,A
222,223,A
222,224,A
223,225,A
224,225,A
225,226,A
225,227,A
226,228,A
227,228,A
228,229,A
228,230,A
229,231,A
230,231,A
231,232,A
231,233,A
232,234,A
233,234,A
234,235,A
234,236,A
235,237,A
236,237,A
237,238,A
237,239,A
238,240,A
239,240,A
240,241,A
240,242,A
241,243,A
242,243,A
243,244,A
243,245,A
244,246,A
245,246,A
246,247,A
246,248,A
247,249,A
248,249,A
249,250,A
249,251,A
250,252,A
251,252,A
252,253,A
252,254,A
253,255,A
254,255,A
255,256,A
255,257,A
256,258,A
257,258,A
258,259,A
258,260,A
259,261,A
260,261,A
261,262,A
261,263,A
262,264,A
263,264,A
264,265,A
264,266,A
265,267,A
266,267,A
267,268,A
267,269,A
268,270,A
269,270,A
270,271,A
270,272,A
271,273,A
272,273,A
273,274,A
273,275,A
274,276,A
275,276,A
276,277,A
276,278,A
277,279,A
278,279,A
279,280,A
279,281,A
280,282,A
281,282,A
282,283,A
282,284,A
283,285,A
284,285,A
285,286,A
285,287,A
286,288,A
287,288,A
288,289,A
288,290,A
289,291,A
290,291,A
291,292,A
291,293,A
292,294,A
293,294,A
294,295,A
294,296,A
295,297,A
296,297,A
297,298,A
297,299,A
298,300,A
299,300,A
300,301,A
300,302,A
301,303,A
302,303,A
303,304,A
303,305,A
304,306,A
305,306,A
306,307,A
306,308,A
307,309,A
308,309,A
309,310,A
309,311,A
310,312,A
311,312,A
312,313,A
312,314,A
313,315,A
314,315,A
315,316,A
315,317,A
316,318,A
317,318,A
318,319,A
318,320,A
319,321,A
320,321,A
321,322,A
321,323,A
322,324,A
323,324,A
324,325,A
324,326,A
325,327,A
326,327,A
327,328,A
327,329,A
328,330,A
329,330,A
330,331,A
330,332,A
331,333,A
332,333,A
333,334,A
333,335,A
334,336,A
335,336,A
336,337,A
336,338,A
337,339,A
338,339,A
339,340,A
339,341,A
340,342,A
341,342,A
342,343,A
342,344,A
343,345,A
344,345,A
345,346,A
345,347,A
346,348,A
347,348,A
348,349,A
348,350,A
349,351,A
350,351,A
351,352,A
351,353,A
352,354,A
353,354,A
354,355,A
354,356,A
355,357,A
356,357,A
357,358,A
357,359,A
358,360,A
359,360,A
360,361,A
360,362,A
361,363,A
362,363,A
363,364,A
363,365,A
364,366,A
365,366,A
366,367,A
366,368,A
367,369,A
368,369,A
369,370,A
369,371,A
370,372,A
371,372,A
372,373,A
372,374,A
373,375,A
374,375,A
375,376,A
375,377,A
376,378,A
377,378,A
378,379,A
378,380,A
379,381,A
380,381,A
381,382,A
381,383,A
382,384,A
383,384,A
384,385,A
384,386,A
385,387,A
386,387,A
387,388,A
387,389,A
388,390,A
389,390,A
390,391,A
390,392,A
391,393,A
392,393,A
393,394,A
393,395,A
394,396,A
395,396,A
396,397,A
396,398,A
397,399,A
398,399,A
399,400,A
399,401,A
400,402,A
401,402,A
402,403,A
402,404,A
403,405,A
404,405,A
405,406,A
405,407,A
406,408,A
407,408,A
408,409,A
408,410,A
409,411,A
410,411,A
411,412,A
411,413,A
412,414,A
413,414,A
414,415,A
414,416,A
415,417,A
416,417,A
417,418,A
417,419,A
418,420,A
419,420,A
420,421,A
420,422,A
421,423,A
422,423,A
423,424,A
423,425,A
424,426,A
425,426,A
426,427,A
426,428,A
427,429,A
428,429,A
429,430,A
429,431,A
430,432,A
431,432,A
432,433,A
432,434,A
433,435,A
434,435,A
435,436,A
435,437,A
436,438,A
437,438,A
438,439,A
438,440,A
439,441,A
440,441,A
441,442,A
441,443,A
442,444,A
443,444,A
444,445,A
444,446,A
445,447,A
446,447,A
447,448,A
447,449,A
448,450,A
449,450,A
450,451,A
450,452,A
451,453,A
452,453,A
453,454,A
453,455,A
454,456,A
455,456,A
456,457,A
456,458,A
457,459,A
458,459,A
459,460,A
459,461,A
460,462,A
461,462,A
462,463,A
462,464,A
463,465,A
464,465,A
465,466,A
465,467,A
466,468,A
467,468,A
468,469,A
468,470,A
469,471,A
470,471,A
471,472,A
471,473,A
472,474,A
473,474,A
474,475,A
474,476,A
475,477,A
476,477,A
477,478,A
477,479,A
478,480,A
479,480,A
480,481,A
480,482,A
481,483,A
482,483,A
483,484,A
483,485,A
484,486,A
485,486,A
486,487,A
486,488,A
487,489,A
488,489,A
489,490,A
489,491,A
490,492,A
491,492,A
492,493,A
492,494,A
493,495,A
494,495,A
495,496,A
495,497,A
496,498,A
497,498,A
498,499,A
498,500,A
499,501,A
500,501,A
501,502,A
501,503,A
502,504,A
503,504,A
504,505,A
504,506,A
505,507,A
506,507,A
507,508,A
507,509,A
508,510,A
509,510,A
510,511,A
510,512,A
511,513,A
512,513,A
513,514,A
513,515,A
514,516,A
515,516,A
516,517,A
516,518,A
517,519,A
518,519,A
519,520,A
519,521,A
520,522,A
521,522,A
522,523,A
522,524,A
523,525,A
524,525,A
525,526,A
525,527,A
526,528,A
527,528,A
528,529,A
528,530,A
529,531,A
530,531,A
531,532,A
531,533,A
532,534,A
533,534,A
534,535,A
534,536,A
535,537,A
536,537,A
537,538,A
537,539,A
538,540,A
539,540,A
540,541,A
540,542,A
541,543,A
542,543,A
543,544,A
543,545,A
544,546,A
545,546,A
546,547,A
546,548,A
547,549,A
548,549,A
549,550,A
549,551,A
550,552,A
551,552,A
552,553,A
552,554,A
553,555,A
554,555,A
555,556,A
555,557,A
556,558,A
557,558,A
558,559,A
558,560,A
559,561,A
560,561,A
561,562,A
561,563,A
562,564,A
563,564,A
564,565,A
564,566,A
565,567,A
566,567,A
567,568,A
567,569,A
568,570,A
569,570,A
570,571,A
570,572,A
571,573,A
572,573,A
573,574,A
573,575,A
574,576,A
575,576,A
576,577,A
576,578,A
577,579,A
578,579,A
579,580,A
579,581,A
580,582,A
581,582,A
582,583,A
582,584,A
583,585,A
584,585,A
585,586,A
585,587,A
586,588,A
587,588,A
588,589,A
588,590,A
589,591,A
590,591,A
591,592,A
591,593,A
592,594,A
593,594,A
594,595,A
594,596,A
595,597,A
596,597,A
597,598,A
597,599,A
598,600,A
599,600,A
600,601,A
600,602,A
601,603,A
602,603,A
603,604,A
603,605,A
604,606,A
605,606,A
606,607,A
606,608,A
607,609,A
608,609,A
609,610,A
609,611,A
610,612,A
611,612,A
612,613,A
612,614,A
613,615,A
614,615,A
615,616,A
615,617,A
616,618,A
617,618,A
618,619,A
618,620,A
619,621,A
620,621,A
621,622,A
621,623,A
622,624,A
623,624,A
624,625,A
624,626,A
625,627,A
626,627,A
627,628,A
627,629,A
628,630,A
629,630,A
630,631,A
630,632,A
631,633,A
632,633,A
633,634,A
633,635,A
634,636,A
635,636,A
636,637,A
636,638,A
637,639,A
638,639,A
639,640,A
639,641,A
640,642,A
641,642,A
642,643,A
642,644,A
643,645,A
644,645,A
645,646,A
645,647,A
646,648,A
647,648,A
648,649,A
648,650,A
649,651,A
650,651,A
651,652,A
651,653,A
652,654,A
653,654,A
654,655,A
654,656,A
655,657,A
656,657,A
657,658,A
657,659,A
658,660,A
659,660,A
660,661,A
660,662,A
661,663,A
662,663,A
663,664,A
663,665,A
664,666,A
665,666,A
666,667,A
666,668,A
667,669,A
668,669,A
669,670,A
669,671,A
670,672,A
671,672,A
672,673,A
672,674,A
673,675,A
674,675,A
675,676,A
675,677,A
676,678,A
677,678,A
678,679,A
678,680,A
679,681,A
680,681,A
681,682,A
681,683,A
682,684,A
683,684,A
684,685,A
684,686,A
685,687,A
686,687,A
687,688,A
687,689,A
688,690,A
689,690,A
690,691,A
690,692,A
691,693,A
692,693,A
693,694,A
693,695,A
694,696,A
695,696,A
696,697,A
696,698,A
697,699,A
698,699,A
699,700,A
699,701,A
700,702,A
701,702,A
702,703,A
702,704,A
703,705,A
704,705,A
705,706,A
705,707,A
706,708,A
707,708,A
708,709,A
708,710,A
709,711,A
710,711,A
711,712,A
711,713,A
712,714,A
713,714,A
714,715,A
714,716,A
715,717,A
716,717,A
717,718,A
717,719,A
718,720,A
719,720,A
720,721,A
720,722,A
721,723,A
722,723,A
723,724,A
723,725,A
724,726,A
725,726,A
726,727,A
726,728,A
727,729,A
728,729,A
729,730,A
729,731,A
730,732,A
731,732,A
732,733,A
732,734,A
733,735,A
734,735,A
735,736,A
735,737,A
736,738,A
737,738,A
738,739,A
738,740,A
739,741,A
740,741,A
741,742,A
741,743,A
742,744,A
743,744,A
744,745,A
744,746,A
745,747,A
746,747,A
747,748,A
747,749,A
748,750,A
749,750,A
750,751,A
750,752,A
751,753,A
752,753,A
753,754,A
753,755,A
754,756,A
755,756,A
756,757,A
756,758,A
757,759,A
758,759,A
759,760,A
759,761,A
760,762,A
761,762,A
762,763,A
762,764,A
763,765,A
764,765,A
765,766,A
765,767,A
766,768,A
767,768,A
768,769,A
768,770,A
769,771,A
770,771,A
771,772,A
771,773,A
772,774,A
773,774,A
774,775,A
774,776,A
775,777,A
776,777,A
777,778,A
777,779,A
778,780,A
779,780,A
780,781,A
780,782,A
781,783,A
782,783,A
783,784,A
783,785,A
784,786,A
785,786,A
786,787,A
786,788,A
787,789,A
788,789,A
789,790,A
789,791,A
790,792,A
791,792,A
792,793,A
792,794,A
793,795,A
794,795,A
795,796,A
795,797,A
796,798,A
797,798,A
798,799,A
798,800,A
799,801,A
800,801,A
801,802,A
801,803,A
802,804,A
803,804,A
804,805,A
804,806,A
805,807,A
806,807,A
807,808,A
807,809,A
808,810,A
809,810,A
810,811,A
810,812,A
811,813,A
812,813,A
813,814,A
813,815,A
814,816,A
815,816,A
816,817,A
816,818,A
817,819,A
818,819,A
819,820,A
819,821,A
820,822,A
821,822,A
822,823,A
822,824,A
823,825,A
824,825,A
825,826,A
825,827,A
826,828,A
827,828,A
828,829,A
828,830,A
829,831,A
830,831,A
831,832,A
831,833,A
832,834,A
833,834,A
834,835,A
834,836,A
835,837,A
836,837,A
837,838,A
837,839,A
838,840,A
839,840,A
840,841,A
840,842,A
841,843,A
842,843,A
843,844,A
843,845,A
844,846,A
845,846,A
846,847,A
846,848,A
847,849,A
848,849,A
849,850,A
849,851,A
850,852,A
851,852,A
852,853,A
852,854,A
853,855,A
854,855,A
855,856,A
855,857,A
856,858,A
857,858,A
858,859,A
858,860,A
859,861,A
860,861,A
861,862,A
861,863,A
862,864,A
863,864,A
864,865,A
864,866,A
865,867,A
866,867,A
867,868,A
867,869,A
868,870,A
869,870,A
870,871,A
870,872,A
871,873,A
872,873,A
873,874,A
873,875,A
874,876,A
875,876,A
876,877,A
876,878,A
877,879,A
878,879,A
879,880,A
879,881,A
880,882,A
881,882,A
882,883,A
882,884,A
883,885,A
884,885,A
885,886,A
885,887,A
886,888,A
887,888,A
888,889,A
888,890,A
889,891,A
890,891,A
891,892,A
891,893,A
892,894,A
893,894,A
894,895,A
894,896,A
895,897,A
896,897,A
897,898,A
897,899,A
898,900,A
899,900,A
900,901,A
900,902,A
901,903,A
902,903,A
903,904,A
903,905,A
904,906,A
905,906,A
906,907,A
906,908,A
907,909,A
908,909,A
909,910,A
909,911,A
910,912,A
911,912,A
912,913,A
912,914,A
913,915,A
914,915,A
915,916,A
915,917,A
916,918,A
917,918,A
918,919,A
918,920,A
919,921,A
920,921,A
921,922,A
921,923,A
922,924,A
923,924,A
924,925,A
924,926,A
925,927,A
926,927,A
927,928,A
927,929,A
928,930,A
929,930,A
930,931,A
930,932,A
931,933,A
932,933,A
933,934,A
933,935,A
934,936,A
935,936,A
936,937,A
936,938,A
937,939,A
938,939,A
939,940,A
939,941,A
940,942,A
941,942,A
942,943,A
942,944,A
943,945,A
944,945,A
945,946,A
945,947,A
946,948,A
947,948,A
948,949,A
948,950,A
949,951,A
950,951,A
951,952,A
951,953,A
952,954,A
953,954,A
954,955,A
954,956,A
955,957,A
956,957,A
957,958,A
957,959,A
958,960,A
959,960,A
960,961,A
960,962,A
961,963,A
962,963,A
963,964,A
963,965,A
964,966,A
965,966,A
966,967,A
966,968,A
967,969,A
968,969,A
969,970,A
969,971,A
970,972,A
971,972,A
972,973,A
972,974,A
973,975,A
974,975,A
975,976,A
975,977,A
976,978,A
977,978,A
978,979,A
978,980,A
979,981,A
980,981,A
981,982,A
981,983,A
982,984,A
983,984,A
984,985,A
984,986,A
985,987,A
986,987,A
987,988,A
987,989,A
988,990,A
989,990,A
990,991,A
990,992,A
991,993,A
992,993,A
993,994,A
993,995,A
994,996,A
995,996,A
996,997,A
996,998,A
997,999,A
998,999,A
999,1000,A
999,1001,A
1000,1002,A
1001,1002,A
1002,1003,A
1002,1004,A
1003,1005,A
1004,1005,A
1005,1006,A
1005,1007,A
1006,1008,A
1007,1008,A
1008,1009,A
1008,1010,A
1009,1011,A
1010,1011,A
1011,1012,A
1011,1013,A
1012,1014,A
1013,1014,A
1014,1015,A
1014,1016,A
1015,1017,A
1016,1017,A
1017,1018,A
1017,1019,A
1018,1020,A
1019,1020,A
1020,1021,A
1020,1022,A
1021,1023,A
1022,1023,A
1023,1024,A
1023,1025,A
1024,1026,A
1025,1026,A
1026,1027,A
1026,1028,A
1027,1029,A
1028,1029,A
1029,1030,A
1029,1031,A
1030,1032,A
1031,1032,A
1032,1033,A
1032,1034,A
1033,1035,A
1034,1035,A
1035,1036,A
1035,1037,A
1036,1038,A
1037,1038,A
1038,1039,A
1038,1040,A
1039,1041,A
1040,1041,A
1041,1042,A
1041,1043,A
1042,1044,A
1043,1044,A
1044,1045,A
1044,1046,A
1045,1047,A
1046,1047,A
1047,1048,A
1047,1049,A
1048,1050,A
1049,1050,A
1050,1051,A
1050,1052,A
1051,1053,A
1052,1053,A
1053,1054,A
1053,1055,A
1054,1056,A
1055,1056,A
1056,1057,A
1056,1058,A
1057,1059,A
1058,1059,A
1059,1060,A
1059,1061,A
1060,1062,A
1061,1062,A
1062,1063,A
1062,1064,A
1063,1065,A
1064,1065,A
1065,1066,A
1065,1067,A
1066,1068,A
1067,1068,A
1068,1069,A
1068,1070,A
1069,1071,A
1070,1071,A
1071,1072,A
1071,1073,A
1072,1074,A
1073,1074,A
1074,1075,A
1074,1076,A
1075,1077,A
1076,1077,A
1077,1078,A
1077,1079,A
1078,1080,A
1079,1080,A
1080,1081,A
1080,1082,A
1081,1083,A
1082,1083,A
1083,1084,A
1083,1085,A
1084,1086,A
1085,1086,A
1086,1087,A
1086,1088,A
1087,1089,A
1088,1089,A
1089,1090,A
1089,1091,A
1090,1092,A
1091,1092,A
1092,1093,A
1092,1094,A
1093,1095,A
1094,1095,A
1095,1096,A
1095,1097,A
1096,1098,A
1097,1098,A
1098,1099,A
1098,1100,A
1099,1101,A
1100,1101,A
1101,1102,A
1101,1103,A
1102,1104,A
1103,1104,A
1104,1105,A
1104,1106,A
1105,1107,A
1106,1107,A
1107,1108,A
1107,1109,A
1108,1110,A
1109,1110,A
1110,1111,A
1110,1112,A
1111,1113,A
1112,1113,A
1113,1114,A
1113,1115,A
1114,1116,A
1115,1116,A
1116,1117,A
1116,1118,A
1117,1119,A
1118,1119,A
1119,1120,A
1119,1121,A
1120,1122,A
1121,1122,A
1122,1123,A
1122,1124,A
1123,1125,A
1124,1125,A
1125,1126,A
1125,1127,A
1126,1128,A
1127,1128,A
1128,1129,A
1128,1130,A
1129,1131,A
1130,1131,A
1131,1132,A
1131,1133,A
1132,1134,A
1133,1134,A
1134,1135,A
1134,1136,A
1135,1137,A
1136,1137,A
1137,1138,A
1137,1139,A
1138,1140,A
1139,1140,A
1140,1141,A
1140,1142,A
1141,1143,A
1142,1143,A
1143,1144,A
1143,1145,A
1144,1146,A
1145,1146,A
1146,1147,A
1146,1148,A
1147,1149,A
1148,1149,A
1149,1150,A
1149,1151,A
1150,1152,A
1151,1152,A
1152,1153,A
1152,1154,A
1153,1155,A
1154,1155,A
1155,1156,A
1155,1157,A
1156,1158,A
1157,1158,A
1158,1159,A
1158,1160,A
1159,1161,A
1160,1161,A
1161,1162,A
1161,1163,A
1162,1164,A
1163,1164,A
1164,1165,A
1164,1166,A
1165,1167,A
1166,1167,A
1167,1168,A
1167,1169,A
1168,1170,A
1169,1170,A
1170,1171,A
1170,1172,A
1171,1173,A
1172,1173,A
1173,1174,A
1173,1175,A
1174,1176,A
1175,1176,A
1176,1177,A
1176,1178,A
1177,1179,A
1178,1179,A
1179,1180,A
1179,1181,A
1180,1182,A
1181,1182,A
1182,1183,A
1182,1184,A
1183,1185,A
1184,1185,A
1185,1186,A
1185,1187,A
1186,1188,A
1187,1188,A
1188,1189,A
1188,1190,A
1189,1191,A
1190,1191,A
1191,1192,A
1191,1193,A
1192,1194,A
1193,1194,A
1194,1195,A
1194,1196,A
1195,1197,A
1196,1197,A
1197,1198,A
1197,1199,A
1198,1200,A
1199,1200,A
1200,1201,A
1200,1202,A
1201,1203,A
1202,1203,A
1203,1204,A
1203,1205,A
1204,1206,A
1205,1206,A
1206,1207,A
1206,1208,A
1207,1209,A
1208,1209,A
1209,1210,A
1209,1211,A
1210,1212,A
1211,1212,A
1212,1213,A
1212,1214,A
1213,1215,A
1214,1215,A
1215,1216,A
1215,1217,A
1216,1218,A
1217,1218,A
1218,1219,A
1218,1220,A
1219,1221,A
1220,1221,A
1221,1222,A
1221,1223,A
1222,1224,A
1223,1224,A
1224,1225,A
1224,1226,A
1225,1227,A
1226,1227,A
1227,1228,A
1227,1229,A
1228,1230,A
1229,1230,A
1230,1231,A
1230,1232,A
1231,1233,A
1232,1233,A
1233,1234,A
1233,1235,A
1234,1236,A
1235,1236,A
1236,1237,A
1236,1238,A
1237,1239,A
1238,1239,A
1239,1240,A
1239,1241,A
1240,1242,A
1241,1242,A
1242,1243,A
1242,1244,A
1243,1245,A
1244,1245,A
1245,1246,A
1245,1247,A
1246,1248,A
1247,1248,A
1248,1249,A
1248,1250,A
1249,1251,A
1250,1251,A
1251,1252,A
1251,1253,A
1252,1254,A
1253,1254,A
1254,1255,A
1254,1256,A
1255,1257,A
1256,1257,A
1257,1258,A
1257,1259,A
1258,1260,A
1259,1260,A
1260,1261,A
1260,1262,A
1261,1263,A
1262,1263,A
1263,1264,A
1263,1265,A
1264,1266,A
1265,1266,A
1266,1267,A
1266,1268,A
1267,1269,A
1268,1269,A
1269,1270,A
1269,1271,A
1270,1272,A
1271,1272,A
1272,1273,A
1272,1274,A
1273,1275,A
1274,1275,A
1275,1276,A
1275,1277,A
1276,1278,A
1277,1278,A
1278,1279,A
1278,1280,A
1279,1281,A
1280,1281,A
1281,1282,A
1281,1283,A
1282,1284,A
1283,1284,A
1284,1285,A
1284,1286,A
1285,1287,A
1286,1287,A
1287,1288,A
1287,1289,A
1288,1290,A
1289,1290,A
1290,1291,A
1290,1292,A
1291,1293,A
1292,1293,A
1293,1294,A
1293,1295,A
1294,1296,A
1295,1296,A
1296,1297,A
1296,1298,A
1297,1299,A
1298,1299,A
1299,1300,A
1299,1301,A
1300,1302,A
1301,1302,A
1302,1303,A
1302,1304,A
1303,1305,A
1304,1305,A
1305,1306,A
1305,1307,A
1306,1308,A
1307,1308,A
1308,1309,A
1308,1310,A
1309,1311,A
1310,1311,A
1311,1312,A
1311,1313,A
1312,1314,A
1313,1314,A
1314,1315,A
1314,1316,A
1315,1317,A
1316,1317,A
1317,1318,A
1317,1319,A
1318,1320,A
1319,1320,A
1320,1321,A
1320,1322,A
1321,1323,A
1322,1323,A
1323,1324,A
1323,1325,A
1324,1326,A
1325,1326,A
1326,1327,A
1326,1328,A
1327,1329,A
1328,1329,A
1329,1330,A
1329,1331,A
1330,1332,A
1331,1332,A
1332,1333,A
1332,1334,A
1333,1335,A
1334,1335,A
1335,1336,A
1335,1337,A
1336,1338,A
1337,1338,A
1338,1339,A
1338,1340,A
1339,1341,A
1340,1341,A
1341,1342,A
1341,1343,A
1342,1344,A
1343,1344,A
1344,1345,A
1344,1346,A
1345,1347,A
1346,1347,A
1347,1348,A
1347,1349,A
1348,1350,A
1349,1350,A
1350,1351,A
1350,1352,A
1351,1353,A
1352,1353,A
1353,1354,A
1353,1355,A
1354,1356,A
1355,1356,A
1356,1357,A
1356,1358,A
1357,1359,A
1358,1359,A
1359,1360,A
1359,1361,A
1360,1362,A
1361,1362,A
1362,1363,A
1362,1364,A
1363,1365,A
1364,1365,A
1365,1366,A
1365,1367,A
1366,1368,A
1367,1368,A
1368,1369,A
1368,1370,A
1369,1371,A
1370,1371,A
1371,1372,A
1371,1373,A
1372,1374,A
1373,1374,A
1374,1375,A
1374,1376,A
1375,1377,A
1376,1377,A
1377,1378,A
1377,1379,A
1378,1380,A
1379,1380,A
1380,1381,A
1380,1382,A
1381,1383,A
1382,1383,A
1383,1384,A
1383,1385,A
1384,1386,A
1385,1386,A
1386,1387,A
1386,1388,A
1387,1389,A
1388,1389,A
1389,1390,A
1389,1391,A
1390,1392,A
1391,1392,A
1392,1393,A
1392,1394,A
1393,1395,A
1394,1395,A
1395,1396,A
1395,1397,A
1396,1398,A
1397,1398,A
1398,1399,A
1398,1400,A
1399,1401,A
1400,1401,A
1401,1402,A
1401,1403,A
1402,1404,A
1403,1404,A
1404,1405,A
1404,1406,A
1405,1407,A
1406,1407,A
1407,1408,A
1407,1409,A
1408,1410,A
1409,1410,A
1410,1411,A
1410,1412,A
1411,1413,A
1412,1413,A
1413,1414,A
1413,1415,A
1414,1416,A
1415,1416,A
1416,1417,A
1416,1418,A
1417,1419,A
1418,1419,A
1419,1420,A
1419,1421,A
1420,1422,A
1421,1422,A
1422,1423,A
1422,1424,A
1423,1425,A
1424,1425,A
1425,1426,A
1425,1427,A
1426,1428,A
1427,1428,A
1428,1429,A
1428,1430,A
1429,1431,A
1430,1431,A
1431,1432,A
1431,1433,A
1432,1434,A
1433,1434,A
1434,1435,A
1434,1436,A
1435,1437,A
1436,1437,A
1437,1438,A
1437,1439,A
1438,1440,A
1439,1440,A
1440,1441,A
1440,1442,A
1441,1443,A
1442,1443,A
1443,1444,A
1443,1445,A
1444,1446,A
1445,1446,A
1446,1447,A
1446,1448,A
1447,1449,A
1448,1449,A
1449,1450,A
1449,1451,A
1450,1452,A
1451,1452,A
1452,1453,A
1452,1454,A
1453,1455,A
1454,1455,A
1455,1456,A
1455,1457,A
1456,1458,A
1457,1458,A
1458,1459,A
1458,1460,A
1459,1461,A
1460,1461,A
1461,1462,A
1461,1463,A
1462,1464,A
1463,1464,A
1464,1465,A
1464,1466,A
1465,1467,A
1466,1467,A
1467,1468,A
1467,1469,A
1468,1470,A
1469,1470,A
1470,1471,A
1470,1472,A
1471,1473,A
1472,1473,A
1473,1474,A
1473,1475,A
1474,1476,A
1475,1476,A
1476,1477,A
1476,1478,A
1477,1479,A
1478,1479,A
1479,1480,A
1479,1481,A
1480,1482,A
1481,1482,A
1482,1483,A
1482,1484,A
1483,1485,A
1484,1485,A
1485,1486,A
1485,1487,A
1486,1488,A
1487,1488,A
1488,1489,A
1488,1490,A
1489,1491,A
1490,1491,A
1491,1492,A
1491,1493,A
1492,1494,A
1493,1494,A
1494,1495,A
1494,1496,A
1495,1497,A
1496,1497,A
1497,1498,A
1497,1499,A
1498,1500,A
1499,1500,A
1500,1501,A
1500,1502,A
1501,1503,A
1502,1503,A
1503,1504,A
1503,1505,A
1504,1506,A
1505,1506,A
1506,1507,A
1506,1508,A
1507,1509,A
1508,1509,A
1509,1510,A
1509,1511,A
1510,1512,A
1511,1512,A
1512,1513,A
1512,1514,A
1513,1515,A
1514,1515,A
1515,1516,A
1515,1517,A
1516,1518,A
1517,1518,A
1518,1519,A
1518,1520,A
1519,1521,A
1520,1521,A
1521,1522,A
1521,1523,A
1522,1524,A
1523,1524,A
1524,1525,A
1524,1526,A
1525,1527,A
1526,1527,A
1527,1528,A
1527,1529,A
1528,1530,A
1529,1530,A
1530,1531,A
1530,1532,A
1531,1533,A
1532,1533,A
1533,1534,A
1533,1535,A
1534,1536,A
1535,1536,A
1536,1537,A
1536,1538,A
1537,1539,A
1538,1539,A
1539,1540,A
1539,1541,A
1540,1542,A
1541,1542,A
1542,1543,A
1542,1544,A
1543,1545,A
1544,1545,A
1545,1546,A
1545,1547,A
1546,1548,A
1547,1548,A
1548,1549,A
1548,1550,A
1549,1551,A
1550,1551,A
1551,1552,A
1551,1553,A
1552,1554,A
1553,1554,A
1554,1555,A
1554,1556,A
1555,1557,A
1556,1557,A
1557,1558,A
1557,1559,A
1558,1560,A
1559,1560,A
1560,1561,A
1560,1562,A
1561,1563,A
1562,1563,A
1563,1564,A
1563,1565,A
1564,1566,A
1565,1566,A
1566,1567,A
1566,1568,A
1567,1569,A
1568,1569,A
1569,1570,A
1569,1571,A
1570,1572,A
1571,1572,A
1572,1573,A
1572,1574,A
1573,1575,A
1574,1575,A
1575,1576,A
1575,1577,A
1576,1578,A
1577,1578,A
1578,1579,A
1578,1580,A
1579,1581,A
1580,1581,A
1581,1582,A
1581,1583,A
1582,1584,A
1583,1584,A
1584,1585,A
1584,1586,A
1585,1587,A
1586,1587,A
1587,1588,A
1587,1589,A
1588,1590,A
1589,1590,A
1590,1591,A
1590,1592,A
1591,1593,A
1592,1593,A
1593,1594,A
1593,1595,A
1594,1596,A
1595,1596,A
1596,1597,A
1596,1598,A
1597,1599,A
1598,1599,A
1599,1600,A
1599,1601,A
1600,1602,A
1601,1602,A
1602,1603,A
1602,1604,A
1603,1605,A
1604,1605,A
1605,1606,A
1605,1607,A
1606,1608,A
1607,1608,A
1608,1609,A
1608,1610,A
1609,1611,A
1610,1611,A
1611,1612,A
1611,1613,A
1612,1614,A
1613,1614,A
1614,1615,A
1614,1616,A
1615,1617,A
1616,1617,A
1617,1618,A
1617,1619,A
1618,1620,A
1619,1620,A
1620,1621,A
1620,1622,A
1621,1623,A
1622,1623,A
1623,1624,A
1623,1625,A
1624,1626,A
1625,1626,A
1626,1627,A
1626,1628,A
1627,1629,A
1628,1629,A
1629,1630,A
1629,1631,A
1630,1632,A
1631,1632,A
1632,1633,A
1632,1634,A
1633,1635,A
1634,1635,A
1635,1636,A
1635,1637,A
1636,1638,A
1637,1638,A
1638,1639,A
1638,1640,A
1639,1641,A
1640,1641,A
1641,1642,A
1641,1643,A
1642,1644,A
1643,1644,A
1644,1645,A
1644,1646,A
1645,1647,A
1646,1647,A
1647,1648,A
1647,1649,A
1648,1650,A
1649,1650,A
1650,1651,A
1650,1652,A
1651,1653,A
1652,1653,A
1653,1654,A
1653,1655,A
1654,1656,A
1655,1656,A
1656,1657,A
1656,1658,A
1657,1659,A
1658,1659,A
1659,1660,A
1659,1661,A
1660,1662,A
1661,1662,A
1662,1663,A
1662,1664,A
1663,1665,A
1664,1665,A
1665,1666,A
1665,1667,A
1666,1668,A
1667,1668,A
1668,1669,A
1668,1670,A
1669,1671,A
1670,1671,A
1671,1672,A
1671,1673,A
1672,1674,A
1673,1674,A
1674,1675,A
1674,1676,A
1675,1677,A
1676,1677,A
1677,1678,A
1677,1679,A
1678,1680,A
1679,1680,A
1680,1681,A
1680,1682,A
1681,1683,A
1682,1683,A
1683,1684,A
1683,1685,A
1684,1686,A
1685,1686,A
1686,1687,A
1686,1688,A
1687,1689,A
1688,1689,A
1689,1690,A
1689,1691,A
1690,1692,A
1691,1692,A
1692,1693,A
1692,1694,A
1693,1695,A
1694,1695,A
1695,1696,A
1695,1697,A
1696,1698,A
1697,1698,A
1698,1699,A
1698,1700,A
1699,1701,A
1700,1701,A
1701,1702,A
1701,1703,A
1702,1704,A
1703,1704,A
1704,1705,A
1704,1706,A
1705,1707,A
1706,1707,A
1707,1708,A
1707,1709,A
1708,1710,A
1709,1710,A
1710,1711,A
1710,1712,A
1711,1713,A
1712,1713,A
1713,1714,A
1713,1715,A
1714,1716,A
1715,1716,A
1716,1717,A
1716,1718,A
1717,1719,A
1718,1719,A
1719,1720,A
1719,1721,A
1720,1722,A
1721,1722,A
1722,1723,A
1722,1724,A
1723,1725,A
1724,1725,A
1725,1726,A
1725,1727,A
1726,1728,A
1727,1728,A
1728,1729,A
1728,1730,A
1729,1731,A
1730,1731,A
1731,1732,A
1731,1733,A
1732,1734,A
1733,1734,A
1734,1735,A
1734,1736,A
1735,1737,A
1736,1737,A
1737,1738,A
1737,1739,A
1738,1740,A
1739,1740,A
1740,1741,A
1740,1742,A
1741,1743,A
1742,1743,A
1743,1744,A
1743,1745,A
1744,1746,A
1745,1746,A
1746,1747,A
1746,1748,A
1747,1749,A
1748,1749,A
1749,1750,A
1749,1751,A
1750,1752,A
1751,1752,A
1752,1753,A
1752,1754,A
1753,1755,A
1754,1755,A
1755,1756,A
1755,1757,A
1756,1758,A
1757,1758,A
1758,1759,A
1758,1760,A
1759,1761,A
1760,1761,A
1761,1762,A
1761,1763,A
1762,1764,A
1763,1764,A
1764,1765,A
1764,1766,A
1765,1767,A
1766,1767,A
1767,1768,A
1767,1769,A
1768,1770,A
1769,1770,A
1770,1771,A
1770,1772,A
1771,1773,A
1772,1773,A
1773,1774,A
1773,1775,A
1774,1776,A
1775,1776,A
1776,1777,A
1776,1778,A
1777,1779,A
1778,1779,A
1779,1780,A
1779,1781,A
1780,1782,A
1781,1782,A
1782,1783,A
1782,1784,A
1783,1785,A
1784,1785,A
1785,1786,A
1785,1787,A
1786,1788,A
1787,1788,A
1788,1789,A
1788,1790,A
1789,1791,A
1790,1791,A
1791,1792,A
1791,1793,A
1792,1794,A
1793,1794,A
1794,1795,A
1794,1796,A
1795,1797,A
1796,1797,A
1797,1798,A
1797,1799,A
1798,1800,A
1799,1800,A
1800,1801,A
1800,1802,A
1801,1803,A
1802,1803,A
1803,1804,A
1803,1805,A
1804,1806,A
1805,1806,A
1806,1807,A
1806,1808,A
1807,1809,A
1808,1809,A
1809,1810,A
1809,1811,A
1810,1812,A
1811,1812,A
1812,1813,A
1812,1814,A
1813,1815,A
1814,1815,A
1815,1816,A
1815,1817,A
1816,1818,A
1817,1818,A
1818,1819,A
1818,1820,A
1819,1821,A
1820,1821,A
1821,1822,A
1821,1823,A
1822,1824,A
1823,1824,A
1824,1825,A
1824,1826,A
1825,1827,A
1826,1827,A
1827,1828,A
1827,1829,A
1828,1830,A
1829,1830,A
1830,1831,A
1830,1832,A
1831,1833,A
1832,1833,A
1833,1834,A
1833,1835,A
1834,1836,A
1835,1836,A
1836,1837,A
1836,1838,A
1837,1839,A
1838,1839,A
1839,1840,A
1839,1841,A
1840,1842,A
1841,1842,A
1842,1843,A
1842,1844,A
1843,1845,A
1844,1845,A
1845,1846,A
1845,1847,A
1846,1848,A
1847,1848,A
1848,1849,A
1848,1850,A
1849,1851,A
1850,1851,A
1851,1852,A
1851,1853,A
1852,1854,A
1853,1854,A
1854,1855,A
1854,1856,A
1855,1857,A
1856,1857,A
1857,1858,A
1857,1859,A
1858,1860,A
1859,1860,A
1860,1861,A
1860,1862,A
1861,1863,A
1862,1863,A
1863,1864,A
1863,1865,A
1864,1866,A
1865,1866,A
1866,1867,A
1866,1868,A
1867,1869,A
1868,1869,A
1869,1870,A
1869,1871,A
1870,1872,A
1871,1872,A
1872,1873,A
1872,1874,A
1873,1875,A
1874,1875,A
1875,1876,A
1875,1877,A
1876,1878,A
1877,1878,A
1878,1879,A
1878,1880,A
1879,1881,A
1880,1881,A
1881,1882,A
1881,1883,A
1882,1884,A
1883,1884,A
1884,1885,A
1884,1886,A
1885,1887,A
1886,1887,A
1887,1888,A
1887,1889,A
1888,1890,A
1889,1890,A
1890,1891,A
1890,1892,A
1891,1893,A
1892,1893,A
1893,1894,A
1893,1895,A
1894,1896,A
1895,1896,A
1896,1897,A
1896,1898,A
1897,1899,A
1898,1899,A
1899,1900,A
1899,1901,A
1900,1902,A
1901,1902,A
1902,1903,A
1902,1904,A
1903,1905,A
1904,1905,A
1905,1906,A
1905,1907,A
1906,1908,A
1907,1908,A
1908,1909,A
1908,1910,A
1909,1911,A
1910,1911,A
1911,1912,A
1911,1913,A
1912,1914,A
1913,1914,A
1914,1915,A
1914,1916,A
1915,1917,A
1916,1917,A
1917,1918,A
1917,1919,A
1918,1920,A
1919,1920,A
1920,1921,A
1920,1922,A
1921,1923,A
1922,1923,A
1923,1924,A
1923,1925,A
1924,1926,A
1925,1926,A
1926,1927,A
1926,1928,A
1927,1929,A
1928,1929,A
1929,1930,A
1929,1931,A
1930,1932,A
1931,1932,A
1932,1933,A
1932,1934,A
1933,1935,A
1934,1935,A
1935,1936,A
1935,1937,A
1936,1938,A
1937,1938,A
1938,1939,A
1938,1940,A
1939,1941,A
1940,1941,A
1941,1942,A
1941,1943,A
1942,1944,A
1943,1944,A
1944,1945,A
1944,1946,A
1945,1947,A
1946,1947,A
1947,1948,A
1947,1949,A
1948,1950,A
1949,1950,A
1950,1951,A
1950,1952,A
1951,1953,A
1952,1953,A
1953,1954,A
1953,1955,A
1954,1956,A
1955,1956,A
1956,1957,A
1956,1958,A
1957,1959,A
1958,1959,A
1959,1960,A
1959,1961,A
1960,1962,A
1961,1962,A
1962,1963,A
1962,1964,A
1963,1965,A
1964,1965,A
1965,1966,A
1965,1967,A
1966,1968,A
1967,1968,A
1968,1969,A
1968,1970,A
1969,1971,A
1970,1971,A
1971,1972,A
1971,1973,A
1972,1974,A
1973,1974,A
1974,1975,A
1974,1976,A
1975,1977,A
1976,1977,A
1977,1978,A
1977,1979,A
1978,1980,A
1979,1980,A
1980,1981,A
1980,1982,A
1981,1983,A
1982,1983,A
1983,1984,A
1983,1985,A
1984,1986,A
1985,1986,A
1986,1987,A
1986,1988,A
1987,1989,A
1988,1989,A
1989,1990,A
1989,1991,A
1990,1992,A
1991,1992,A
1992,1993,A
1992,1994,A
1993,1995,A
1994,1995,A
1995,1996,A
1995,1997,A
1996,1998,A
1997,1998,A
1998,1999,A
1998,2000,A
1999,2001,A
2000,2001,A
2001,2002,A
2001,2003,A
2002,2004,A
2003,2004,A
2004,2005,A
2004,2006,A
2005,2007,A
2006,2007,A
2007,2008,A
2007,2009,A
2008,2010,A
2009,2010,A
2010,2011,A
2010,2012,A
2011,2013,A
2012,2013,A
2013,2014,A
2013,2015,A
2014,2016,A
2015,2016,A
2016,2017,A
2016,2018,A
2017,2019,A
2018,2019,A
2019,2020,A
2019,2021,A
2020,2022,A
2021,2022,A
2022,2023,A
2022,2024,A
2023,2025,A
2024,2025,A
2025,2026,A
2025,2027,A
2026,2028,A
2027,2028,A
2028,2029,A
2028,2030,A
2029,2031,A
2030,2031,A
2031,2032,A
2031,2033,A
2032,2034,A
2033,2034,A
2034,2035,A
2034,2036,A
2035,2037,A
2036,2037,A
2037,2038,A
2037,2039,A
2038,2040,A
2039,2040,A
2040,2041,A
2040,2042,A
2041,2043,A
2042,2043,A
2043,2044,A
2043,2045,A
2044,2046,A
2045,2046,A
2046,2047,A
2046,2048,A
2047,2049,A
2048,2049,A
2049,2050,A
2049,2051,A
2050,2052,A
2051,2052,A
2052,2053,A
2052,2054,A
2053,2055,A
2054,2055,A
2055,2056,A
2055,2057,A
2056,2058,A
2057,2058,A
2058,2059,A
2058,2060,A
2059,2061,A
2060,2061,A
2061,2062,A
2061,2063,A
2062,2064,A
2063,2064,A
2064,2065,A
2064,2066,A
2065,2067,A
2066,2067,A
2067,2068,A
2067,2069,A
2068,2070,A
2069,2070,A
2070,2071,A
2070,2072,A
2071,2073,A
2072,2073,A
2073,2074,A
2073,2075,A
2074,2076,A
2075,2076,A
2076,2077,A
2076,2078,A
2077,2079,A
2078,2079,A
2079,2080,A
2079,2081,A
2080,2082,A
2081,2082,A
2082,2083,A
2082,2084,A
2083,2085,A
2084,2085,A
2085,2086,A
2085,2087,A
2086,2088,A
2087,2088,A
2088,2089,A
2088,2090,A
2089,2091,A
2090,2091,A
2091,2092,A
2091,2093,A
2092,2094,A
2093,2094,A
2094,2095,A
2094,2096,A
2095,2097,A
2096,2097,A
2097,2098,A
2097,2099,A
2098,2100,A
2099,2100,A
2100,2101,A
2100,2102,A
2101,2103,A
2102,2103,A
2103,2104,A
2103,2105,A
2104,2106,A
2105,2106,A
2106,2107,A
2106,2108,A
2107,2109,A
2108,2109,A
2109,2110,A
2109,2111,A
2110,2112,A
2111,2112,A
2112,2113,A
2112,2114,A
2113,2115,A
2114,2115,A
2115,2116,A
2115,2117,A
2116,2118,A
2117,2118,A
2118,2119,A
2118,2120,A
2119,2121,A
2120,2121,A
2121,2122,A
2121,2123,A
2122,2124,A
2123,2124,A
2124,2125,A
2124,2126,A
2125,2127,A
2126,2127,A
2127,2128,A
2127,2129,A
2128,2130,A
2129,2130,A
2130,2131,A
2130,2132,A
2131,2133,A
2132,2133,A
2133,2134,A
2133,2135,A
2134,2136,A
2135,2136,A
2136,2137,A
2136,2138,A
2137,2139,A
2138,2139,A
2139,2140,A
2139,2141,A
2140,2142,A
2141,2142,A
2142,2143,A
2142,2144,A
2143,2145,A
2144,2145,A
2145,2146,A
2145,2147,A
2146,2148,A
2147,2148,A
2148,2149,A
2148,2150,A
2149,2151,A
2150,2151,A
2151,2152,A
2151,2153,A
2152,2154,A
2153,2154,A
2154,2155,A
2154,2156,A
2155,2157,A
2156,2157,A
2157,2158,A
2157,2159,A
2158,2160,A
2159,2160,A
2160,2161,A
2160,2162,A
2161,2163,A
2162,2163,A
2163,2164,A
2163,2165,A
2164,2166,A
2165,2166,A
2166,2167,A
2166,2168,A
2167,2169,A
2168,2169,A
2169,2170,A
2169,2171,A
2170,2172,A
2171,2172,A
2172,2173,A
2172,2174,A
2173,2175,A
2174,2175,A
2175,2176,A
2175,2177,A
2176,2178,A
2177,2178,A
2178,2179,A
2178,2180,A
2179,2181,A
2180,2181,A
2181,2182,A
2181,2183,A
2182,2184,A
2183,2184,A
2184,2185,A
2184,2186,A
2185,2187,A
2186,2187,A
2187,2188,A
2187,2189,A
2188,2190,A
2189,2190,A
2190,2191,A
2190,2192,A
2191,2193,A
2192,2193,A
2193,2194,A
2193,2195,A
2194,2196,A
2195,2196,A
2196,2197,A
2196,2198,A
2197,2199,A
2198,2199,A
2199,2200,A
2199,2201,A
2200,2202,A
2201,2202,A
2202,2203,A
2202,2204,A
2203,2205,A
2204,2205,A
2205,2206,A
2205,2207,A
2206,2208,A
2207,2208,A
2208,2209,A
2208,2210,A
2209,2211,A
2210,2211,A
2211,2212,A
2211,2213,A
2212,2214,A
2213,2214,A
2214,2215,A
2214,2216,A
2215,2217,A
2216,2217,A
2217,2218,A
2217,2219,A
2218,2220,A
2219,2220,A
2220,2221,A
2220,2222,A
2221,2223,A
2222,2223,A
2223,2224,A
2223,2225,A
2224,2226,A
2225,2226,A
2226,2227,A
2226,2228,A
2227,2229,A
2228,2229,A
2229,2230,A
2229,2231,A
2230,2232,A
2231,2232,A
2232,2233,A
2232,2234,A
2233,2235,A
2234,2235,A
2235,2236,A
2235,2237,A
2236,2238,A
2237,2238,A
2238,2239,A
2238,2240,A
2239,2241,A
2240,2241,A
2241,2242,A
2241,2243,A
2242,2244,A
2243,2244,A
2244,2245,A
2244,2246,A
2245,2247,A
2246,2247,A
2247,2248,A
2247,2249,A
2248,2250,A
2249,2250,A
2250,2251,A
2250,2252,A
2251,2253,A
2252,2253,A
2253,2254,A
2253,2255,A
2254,2256,A
2255,2256,A
2256,2257,A
2256,2258,A
2257,2259,A
2258,2259,A
2259,2260,A
2259,2261,A
2260,2262,A
2261,2262,A
2262,2263,A
2262,2264,A
2263,2265,A
2264,2265,A
2265,2266,A
2265,2267,A
2266,2268,A
2267,2268,A
2268,2269,A
2268,2270,A
2269,2271,A
2270,2271,A
2271,2272,A
2271,2273,A
2272,2274,A
2273,2274,A
2274,2275,A
2274,2276,A
2275,2277,A
2276,2277,A
2277,2278,A
2277,2279,A
2278,2280,A
2279,2280,A
2280,2281,A
2280,2282,A
2281,2283,A
2282,2283,A
2283,2284,A
2283,2285,A
2284,2286,A
2285,2286,A
2286,2287,A
2286,2288,A
2287,2289,A
2288,2289,A
2289,2290,A
2289,2291,A
2290,2292,A
2291,2292,A
2292,2293,A
2292,2294,A
2293,2295,A
2294,2295,A
2295,2296,A
2295,2297,A
2296,2298,A
2297,2298,A
2298,2299,A
2298,2300,A
2299,2301,A
2300,2301,A
2301,2302,A
2301,2303,A
2302,2304,A
2303,2304,A
2304,2305,A
2304,2306,A
2305,2307,A
2306,2307,A
2307,2308,A
2307,2309,A
2308,2310,A
2309,2310,A
2310,2311,A
2310,2312,A
2311,2313,A
2312,2313,A
2313,2314,A
2313,2315,A
2314,2316,A
2315,2316,A
2316,2317,A
2316,2318,A
2317,2319,A
2318,2319,A
2319,2320,A
2319,2321,A
2320,2322,A
2321,2322,A
2322,2323,A
2322,2324,A
2323,2325,A
2324,2325,A
2325,2326,A
2325,2327,A
2326,2328,A
2327,2328,A
2328,2329,A
2328,2330,A
2329,2331,A
2330,2331,A
2331,2332,A
2331,2333,A
2332,2334,A
2333,2334,A
2334,2335,A
2334,2336,A
2335,2337,A
2336,2337,A
2337,2338,A
2337,2339,A
2338,2340,A
2339,2340,A
2340,2341,A
2340,2342,A
2341,2343,A
2342,2343,A
2343,2344,A
2343,2345,A
2344,2346,A
2345,2346,A
2346,2347,A
2346,2348,A
2347,2349,A
2348,2349,A
2349,2350,A
2349,2351,A
2350,2352,A
2351,2352,A
2352,2353,A
2352,2354,A
2353,2355,A
2354,2355,A
2355,2356,A
2355,2357,A
2356,2358,A
2357,2358,A
2358,2359,A
2358,2360,A
2359,2361,A
2360,2361,A
2361,2362,A
2361,2363,A
2362,2364,A
2363,2364,A
2364,2365,A
2364,2366,A
2365,2367,A
2366,2367,A
2367,2368,A
2367,2369,A
2368,2370,A
2369,2370,A
2370,2371,A
2370,2372,A
2371,2373,A
2372,2373,A
2373,2374,A
2373,2375,A
2374,2376,A
2375,2376,A
2376,2377,A
2376,2378,A
2377,2379,A
2378,2379,A
2379,2380,A
2379,2381,A
2380,2382,A
2381,2382,A
2382,2383,A
2382,2384,A
2383,2385,A
2384,2385,A
2385,2386,A
2385,2387,A
2386,2388,A
2387,2388,A
2388,2389,A
2388,2390,A
2389,2391,A
2390,2391,A
2391,2392,A
2391,2393,A
2392,2394,A
2393,2394,A
2394,2395,A
2394,2396,A
2395,2397,A
2396,2397,A
2397,2398,A
2397,2399,A
2398,2400,A
2399,2400,A
2400,2401,A
2400,2402,A
2401,2403,A
2402,2403,A
2403,2404,A
2403,2405,A
2404,2406,A
2405,2406,A
2406,2407,A
2406,2408,A
2407,2409,A
2408,2409,A
2409,2410,A
2409,2411,A
2410,2412,A
2411,2412,A
2412,2413,A
2412,2414,A
2413,2415,A
2414,2415,A
2415,2416,A
2415,2417,A
2416,2418,A
2417,2418,A
2418,2419,A
2418,2420,A
2419,2421,A
2420,2421,A
2421,2422,A
2421,2423,A
2422,2424,A
2423,2424,A
2424,2425,A
2424,2426,A
2425,2427,A
2426,2427,A
2427,2428,A
2427,2429,A
2428,2430,A
2429,2430,A
2430,2431,A
2430,2432,A
2431,2433,A
2432,2433,A
2433,2434,A
2433,2435,A
2434,2436,A
2435,2436,A
2436,2437,A
2436,2438,A
2437,2439,A
2438,2439,A
2439,2440,A
2439,2441,A
2440,2442,A
2441,2442,A
2442,2443,A
2442,2444,A
2443,2445,A
2444,2445,A
2445,2446,A
2445,2447,A
2446,2448,A
2447,2448,A
2448,2449,A
2448,2450,A
2449,2451,A
2450,2451,A
2451,2452,A
2451,2453,A
2452,2454,A
2453,2454,A
2454,2455,A
2454,2456,A
2455,2457,A
2456,2457,A
2457,2458,A
2457,2459,A
2458,2460,A
2459,2460,A
2460,2461,A
2460,2462,A
2461,2463,A
2462,2463,A
2463,2464,A
2463,2465,A
2464,2466,A
2465,2466,A
2466,2467,A
2466,2468,A
2467,2469,A
2468,2469,A
2469,2470,A
2469,2471,A
2470,2472,A
2471,2472,A
2472,2473,A
2472,2474,A
2473,2475,A
2474,2475,A
2475,2476,A
2475,2477,A
2476,2478,A
2477,2478,A
2478,2479,A
2478,2480,A
2479,2481,A
2480,2481,A
2481,2482,A
2481,2483,A
2482,2484,A
2483,2484,A
2484,2485,A
2484,2486,A
2485,2487,A
2486,2487,A
2487,2488,A
2487,2489,A
2488,2490,A
2489,2490,A
2490,2491,A
2490,2492,A
2491,2493,A
2492,2493,A
2493,2494,A
2493,2495,A
2494,2496,A
2495,2496,A
2496,2497,A
2496,2498,A
2497,2499,A
2498,2499,A
2499,2500,A
2499,2501,A
2500,2502,A
2501,2502,A
2502,2503,A
2502,2504,A
2503,2505,A
2504,2505,A
2505,2506,A
2505,2507,A
2506,2508,A
2507,2508,A
2508,2509,A
2508,2510,A
2509,2511,A
2510,2511,A
2511,2512,A
2511,2513,A
2512,2514,A
2513,2514,A
2514,2515,A
2514,2516,A
2515,2517,A
2516,2517,A
2517,2518,A
2517,2519,A
2518,2520,A
2519,2520,A
2520,2521,A
2520,2522,A
2521,2523,A
2522,2523,A
2523,2524,A
2523,2525,A
2524,2526,A
2525,2526,A
2526,2527,A
2526,2528,A
2527,2529,A
2528,2529,A
2529,2530,A
2529,2531,A
2530,2532,A
2531,2532,A
2532,2533,A
2532,2534,A
2533,2535,A
2534,2535,A
2535,2536,A
2535,2537,A
2536,2538,A
2537,2538,A
2538,2539,A
2538,2540,A
2539,2541,A
2540,2541,A
2541,2542,A
2541,2543,A
2542,2544,A
2543,2544,A
2544,2545,A
2544,2546,A
2545,2547,A
2546,2547,A
2547,2548,A
2547,2549,A
2548,2550,A
2549,2550,A
2550,2551,A
2550,2552,A
2551,2553,A
2552,2553,A
2553,2554,A
2553,2555,A
2554,2556,A
2555,2556,A
2556,2557,A
2556,2558,A
2557,2559,A
2558,2559,A
2559,2560,A
2559,2561,A
2560,2562,A
2561,2562,A
2562,2563,A
2562,2564,A
2563,2565,A
2564,2565,A
2565,2566,A
2565,2567,A
2566,2568,A
2567,2568,A
2568,2569,A
2568,2570,A
2569,2571,A
2570,2571,A
2571,2572,A
2571,2573,A
2572,2574,A
2573,2574,A
2574,2575,A
2574,2576,A
2575,2577,A
2576,2577,A
2577,2578,A
2577,2579,A
2578,2580,A
2579,2580,A
2580,2581,A
2580,2582,A
2581,2583,A
2582,2583,A
2583,2584,A
2583,2585,A
2584,2586,A
2585,2586,A
2586,2587,A
2586,2588,A
2587,2589,A
2588,2589,A
2589,2590,A
2589,2591,A
2590,2592,A
2591,2592,A
2592,2593,A
2592,2594,A
2593,2595,A
2594,2595,A
2595,2596,A
2595,2597,A
2596,2598,A
2597,2598,A
2598,2599,A
2598,2600,A
2599,2601,A
2600,2601,A
2601,2602,A
2601,2603,A
2602,2604,A
2603,2604,A
2604,2605,A
2604,2606,A
2605,2607,A
2606,2607,A
2607,2608,A
2607,2609,A
2608,2610,A
2609,2610,A
2610,2611,A
2610,2612,A
2611,2613,A
2612,2613,A
2613,2614,A
2613,2615,A
2614,2616,A
2615,2616,A
2616,2617,A
2616,2618,A
2617,2619,A
2618,2619,A
2619,2620,A
2619,2621,A
2620,2622,A
2621,2622,A
2622,2623,A
2622,2624,A
2623,2625,A
2624,2625,A
2625,2626,A
2625,2627,A
2626,2628,A
2627,2628,A
2628,2629,A
2628,2630,A
2629,2631,A
2630,2631,A
2631,2632,A
2631,2633,A
2632,2634,A
2633,2634,A
2634,2635,A
2634,2636,A
2635,2637,A
2636,2637,A
2637,2638,A
2637,2639,A
2638,2640,A
2639,2640,A
2640,2641,A
2640,2642,A
2641,2643,A
2642,2643,A
2643,2644,A
2643,2645,A
2644,2646,A
2645,2646,A
2646,2647,A
2646,2648,A
2647,2649,A
2648,2649,A
2649,2650,A
2649,2651,A
2650,2652,A
2651,2652,A
2652,2653,A
2652,2654,A
2653,2655,A
2654,2655,A
2655,2656,A
2655,2657,A
2656,2658,A
2657,2658,A
2658,2659,A
2658,2660,A
2659,2661,A
2660,2661,A
2661,2662,A
2661,2663,A
2662,2664,A
2663,2664,A
2664,2665,A
2664,2666,A
2665,2667,A
2666,2667,A
2667,2668,A
2667,2669,A
2668,2670,A
2669,2670,A
2670,2671,A
2670,2672,A
2671,2673,A
2672,2673,A
2673,2674,A
2673,2675,A
2674,2676,A
2675,2676,A
2676,2677,A
2676,2678,A
2677,2679,A
2678,2679,A
2679,2680,A
2679,2681,A
2680,2682,A
2681,2682,A
2682,2683,A
2682,2684,A
2683,2685,A
2684,2685,A
2685,2686,A
2685,2687,A
2686,2688,A
2687,2688,A
2688,2689,A
2688,2690,A
2689,2691,A
2690,2691,A
2691,2692,A
2691,2693,A
2692,2694,A
2693,2694,A
2694,2695,A
2694,2696,A
2695,2697,A
2696,2697,A
2697,2698,A
2697,2699,A
2698,2700,A
2699,2700,A
2700,2701,A
2700,2702,A
2701,2703,A
2702,2703,A
2703,2704,A
2703,2705,A
2704,2706,A
2705,2706,A
2706,2707,A
2706,2708,A
2707,2709,A
2708,2709,A
2709,2710,A
2709,2711,A
2710,2712,A
2711,2712,A
2712,2713,A
2712,2714,A
2713,2715,A
2714,2715,A
2715,2716,A
2715,2717,A
2716,2718,A
2717,2718,A
2718,2719,A
2718,2720,A
2719,2721,A
2720,2721,A
2721,2722,A
2721,2723,A
2722,2724,A
2723,2724,A
2724,2725,A
2724,2726,A
2725,2727,A
2726,2727,A
2727,2728,A
2727,2729,A
2728,2730,A
2729,2730,A
2730,2731,A
2730,2732,A
2731,2733,A
2732,2733,A
2733,2734,A
2733,2735,A
2734,2736,A
2735,2736,A
2736,2737,A
2736,2738,A
2737,2739,A
2738,2739,A
2739,2740,A
2739,2741,A
2740,2742,A
2741,2742,A
2742,2743,A
2742,2744,A
2743,2745,A
2744,2745,A
2745,2746,A
2745,2747,A
2746,2748,A
2747,2748,A
2748,2749,A
2748,2750,A
2749,2751,A
2750,2751,A
2751,2752,A
2751,2753,A
2752,2754,A
2753,2754,A
2754,2755,A
2754,2756,A
2755,2757,A
2756,2757,A
2757,2758,A
2757,2759,A
2758,2760,A
2759,2760,A
2760,2761,A
2760,2762,A
2761,2763,A
2762,2763,A
2763,2764,A
2763,2765,A
2764,2766,A
2765,2766,A
2766,2767,A
2766,2768,A
2767,2769,A
2768,2769,A
2769,2770,A
2769,2771,A
2770,2772,A
2771,2772,A
2772,2773,A
2772,2774,A
2773,2775,A
2774,2775,A
2775,2776,A
2775,2777,A
2776,2778,A
2777,2778,A
2778,2779,A
2778,2780,A
2779,2781,A
2780,2781,A
2781,2782,A
2781,2783,A
2782,2784,A
2783,2784,A
2784,2785,A
2784,2786,A
2785,2787,A
2786,2787,A
2787,2788,A
2787,2789,A
2788,2790,A
2789,2790,A
2790,2791,A
2790,2792,A
2791,2793,A
2792,2793,A
2793,2794,A
2793,2795,A
2794,2796,A
2795,2796,A
2796,2797,A
2796,2798,A
2797,2799,A
2798,2799,A
2799,2800,A
2799,2801,A
2800,2802,A
2801,2802,A
2802,2803,A
2802,2804,A
2803,2805,A
2804,2805,A
2805,2806,A
2805,2807,A
2806,2808,A
2807,2808,A
2808,2809,A
2808,2810,A
2809,2811,A
2810,2811,A
2811,2812,A
2811,2813,A
2812,2814,A
2813,2814,A
2814,2815,A
2814,2816,A
2815,2817,A
2816,2817,A
2817,2818,A
2817,2819,A
2818,2820,A
2819,2820,A
2820,2821,A
2820,2822,A
2821,2823,A
2822,2823,A
2823,2824,A
2823,2825,A
2824,2826,A
2825,2826,A
2826,2827,A
2826,2828,A
2827,2829,A
2828,2829,A
2829,2830,A
2829,2831,A
2830,2832,A
2831,2832,A
2832,2833,A
2832,2834,A
2833,2835,A
2834,2835,A
2835,2836,A
2835,2837,A
2836,2838,A
2837,2838,A
2838,2839,A
2838,2840,A
2839,2841,A
2840,2841,A
2841,2842,A
2841,2843,A
2842,2844,A
2843,2844,A
2844,2845,A
2844,2846,A
2845,2847,A
2846,2847,A
2847,2848,A
2847,2849,A
2848,2850,A
2849,2850,A
2850,2851,A
2850,2852,A
2851,2853,A
2852,2853,A
2853,2854,A
2853,2855,A
2854,2856,A
2855,2856,A
2856,2857,A
2856,2858,A
2857,2859,A
2858,2859,A
2859,2860,A
2859,2861,A
2860,2862,A
2861,2862,A
2862,2863,A
2862,2864,A
2863,2865,A
2864,2865,A
2865,2866,A
2865,2867,A
2866,2868,A
2867,2868,A
2868,2869,A
2868,2870,A
2869,2871,A
2870,2871,A
2871,2872,A
2871,2873,A
2872,2874,A
2873,2874,A
2874,2875,A
2874,2876,A
2875,2877,A
2876,2877,A
2877,2878,A
2877,2879,A
2878,2880,A
2879,2880,A
2880,2881,A
2880,2882,A
2881,2883,A
2882,2883,A
2883,2884,A
2883,2885,A
2884,2886,A
2885,2886,A
2886,2887,A
2886,2888,A
2887,2889,A
2888,2889,A
2889,2890,A
2889,2891,A
2890,2892,A
2891,2892,A
2892,2893,A
2892,2894,A
2893,2895,A
2894,2895,A
2895,2896,A
2895,2897,A
2896,2898,A
2897,2898,A
2898,2899,A
2898,2900,A
2899,2901,A
2900,2901,A
2901,2902,A
2901,2903,A
2902,2904,A
2903,2904,A
2904,2905,A
2904,2906,A
2905,2907,A
2906,2907,A
2907,2908,A
2907,2909,A
2908,2910,A
2909,2910,A
2910,2911,A
2910,2912,A
2911,2913,A
2912,2913,A
2913,2914,A
2913,2915,A
2914,2916,A
2915,2916,A
2916,2917,A
2916,2918,A
2917,2919,A
2918,2919,A
2919,2920,A
2919,2921,A
2920,2922,A
2921,2922,A
2922,2923,A
2922,2924,A
2923,2925,A
2924,2925,A
2925,2926,A
2925,2927,A
2926,2928,A
2927,2928,A
2928,2929,A
2928,2930,A
2929,2931,A
2930,2931,A
2931,2932,A
2931,2933,A
2932,2934,A
2933,2934,A
2934,2935,A
2934,2936,A
2935,2937,A
2936,2937,A
2937,2938,A
2937,2939,A
2938,2940,A
2939,2940,A
2940,2941,A
2940,2942,A
2941,2943,A
2942,2943,A
2943,2944,A
2943,2945,A
2944,2946,A
2945,2946,A
2946,2947,A
2946,2948,A
2947,2949,A
2948,2949,A
2949,2950,A
2949,2951,A
2950,2952,A
2951,2952,A
2952,2953,A
2952,2954,A
2953,2955,A
2954,2955,A
2955,2956,A
2955,2957,A
2956,2958,A
2957,2958,A
2958,2959,A
2958,2960,A
2959,2961,A
2960,2961,A
2961,2962,A
2961,2963,A
2962,2964,A
2963,2964,A
2964,2965,A
2964,2966,A
2965,2967,A
2966,2967,A
2967,2968,A
2967,2969,A
2968,2970,A
2969,2970,A
2970,2971,A
2970,2972,A
2971,2973,A
2972,2973,A
2973,2974,A
2973,2975,A
2974,2976,A
2975,2976,A
2976,2977,A
2976,2978,A
2977,2979,A
2978,2979,A
2979,2980,A
2979,2981,A
2980,2982,A
2981,2982,A
2982,2983,A
2982,2984,A
2983,2985,A
2984,2985,A
2985,2986,A
2985,2987,A
2986,2988,A
2987,2988,A
2988,2989,A
2988,2990,A
2989,2991,A
2990,2991,A
2991,2992,A
2991,2993,A
2992,2994,A
2993,2994,A
2994,2995,A
2994,2996,A
2995,2997,A
2996,2997,A
2997,2998,A
2997,2999,A
2998,3000,A
2999,3000,A
